﻿{"keywords":[{"category_name":"DomesticSecurity","category_words":[{"name":"Assassiation"},{"name":"Attack"},{"name":"Domesticsecurity"},{"name":"Drill"},{"name":"Exercise"},{"name":"Cops"},{"name":"Lawenforcement"},{"name":"Authorities"},{"name":"Disasterassistance"},{"name":"Disastermanagement"},{"name":"DNDO"},{"name":"DomesticNulcearDetectionOffice"},{"name":"Nationalpreparedness"},{"name":"Mitigation"},{"name":"Prevention"},{"name":"Response"},{"name":"Recovery"},{"name":"Dirtybomb"},{"name":"Domesticnucleardetection"},{"name":"Emergencymanagement"},{"name":"Emergencyresponse"},{"name":"Firstresponder"},{"name":"Homelandsecurity"},{"name":"Maritimedomainawarness"},{"name":"MDA"},{"name":"Nationalpreparednessinitiative"},{"name":"Militia"},{"name":"Shooting"},{"name":"Shotsfired"},{"name":"Evacuation"},{"name":"Deaths"},{"name":"Hostage"},{"name":"Explosion"},{"name":"explosive"},{"name":"Police"},{"name":"Disastermedicalassistance"},{"name":"DMAT"},{"name":"Organizecrime"},{"name":"Gangs"},{"name":"Nationalsecurity"},{"name":"Stateofemergency"},{"name":"Security"},{"name":"Breach"},{"name":"Threat"},{"name":"Standoff"},{"name":"SWAT"},{"name":"Screening"},{"name":"Lockdown"},{"name":"Bombsquad"},{"name":"Bombthreat"},{"name":"Crash"},{"name":"Looting"},{"name":"Riot"},{"name":"Emergencylanding"},{"name":"Pipebomb"},{"name":"Incident"},{"name":"Facility"}]},{"category_name":"HAZMAT&Nuclear","category_words":[{"name":"Hazmat"},{"name":"Nuclear"},{"name":"Chemicalspill"},{"name":"Suspiciouspackage"},{"name":"Suspiciousdevice"},{"name":"Toxic"},{"name":"Notionallaboratory"},{"name":"Nuclearfacility"},{"name":"Nuclearthreat"},{"name":"Cloud"},{"name":"Plume"},{"name":"Radiation"},{"name":"Radioactive"},{"name":"Leak"},{"name":"Biologicalinfection"},{"name":"Biologicalevent"},{"name":"Chemical"},{"name":"Chemicalburm"},{"name":"Biological"},{"name":"Epidemic"},{"name":"Hazardous"},{"name":"Hazardousmaterialincident"},{"name":"Industrialspill"},{"name":"Infectio"},{"name":"Powderwhite"},{"name":"Gas"},{"name":"Spillover"},{"name":"Anthrax"},{"name":"Blisteragent"},{"name":"Chemicalagent"},{"name":"Exposure"},{"name":"Burn"},{"name":"Nervegent"},{"name":"Ricin"},{"name":"Saring"},{"name":"Northkorea"}]},{"category_name":"HealthconcernH1N1","category_words":[{"name":"Outbreak"},{"name":"Contamination"},{"name":"Exposure"},{"name":"Virus"},{"name":"Bacteria"},{"name":"Recall"},{"name":"Ebola"},{"name":"Foodpoisoning"},{"name":"FoothandMouth"},{"name":"FMD"},{"name":"H5N1"},{"name":"Avian"},{"name":"Flu"},{"name":"Salmonella"},{"name":"Smallplox"},{"name":"Plague"},{"name":"Humantohuman"},{"name":"HumantoAnimal"},{"name":"Influenza"},{"name":"CenterfordiseaseControl"},{"name":"Dcd"},{"name":"Drugadministration"},{"name":"FDA"},{"name":"Puvlichealth"},{"name":"Toxic"},{"name":"Agroterror"},{"name":"Tuberculosis"},{"name":"TB"},{"name":"Agriculture"},{"name":"Listeria"},{"name":"Symptoms"},{"name":"Mutation"},{"name":"Resitant"},{"name":"antiviral"},{"name":"wave"},{"name":"pandemic"},{"name":"infection"},{"name":"waterborne"},{"name":"airborne"},{"name":"sick"},{"name":"swine"},{"name":"pork"},{"name":"strain"},{"name":"quanrantine"},{"name":"h1n1"},{"name":"vaccine"},{"name":"tamiflu"},{"name":"norvovirus"},{"name":"epidemic"},{"name":"worlhealthorganization"},{"name":"WHO"},{"name":"viralhemorrhagicfever"},{"name":"e.coli"}]},{"category_name":"Infrastructuresecurity","category_words":[{"name":"Infrastructuresecurity"},{"name":"Airport"},{"name":"CIKR"},{"name":"Criticalinfrastructureandkeyresources"},{"name":"AMTRAK"},{"name":"collapse"},{"name":"computerinfrastructure"},{"name":"communicationsinfrastructure"},{"name":"nationalinfrastructure"},{"name":"metro"},{"name":"wmata"},{"name":"airplne"},{"name":"chimicalfire"},{"name":"subway"},{"name":"bart"},{"name":"marta"},{"name":"portauthority"},{"name":"nbic"},{"name":"NationalBiosurveillanceInegrationCenter"},{"name":"trasportationcecurity"},{"name":"grid"},{"name":"power"},{"name":"samrt"},{"name":"bodyscanner"},{"name":"electric"},{"name":"failure"},{"name":"outage"},{"name":"blackout"},{"name":"brownout"},{"name":"port"},{"name":"dock"},{"name":"bridge"},{"name":"cancelled"},{"name":"delays"},{"name":"servicedisruption"},{"name":"powerlines"}]},{"category_name":"Southweestborderviolence","category_words":[{"name":"drugcartel"},{"name":"violence"},{"name":"gang"},{"name":"drug"},{"name":"narcotics"},{"name":"cocaine"},{"name":"marijuana"},{"name":"heroin"},{"name":"border"},{"name":"mexico"},{"name":"cartel"},{"name":"southwest"},{"name":"juarez"},{"name":"sinaloa"},{"name":"tijuana"},{"name":"torreo"},{"name":"yuma"},{"name":"tucson"},{"name":"decapitated"},{"name":"u.s.consulate"},{"name":"consular"},{"name":"elpaso"},{"name":"forthacncock"},{"name":"sandiego"},{"name":"ciudadjuarez"},{"name":"nogales"},{"name":"sonora"},{"name":"colombia"},{"name":"marasalvatrucha"},{"name":"ms13"},{"name":"ms-13"},{"name":"drugwas"},{"name":"mixcanarmy"},{"name":"methamphetamine"},{"name":"carteldegolfo"},{"name":"gulfcartel"},{"name":"lafamilia"},{"name":"reynosa"},{"name":"nuevolean"},{"name":"narcobanner"},{"name":"loszetas"},{"name":"shootout"},{"name":"execution"},{"name":"gunfight"},{"name":"trafficking"},{"name":"kidnap"},{"name":"calderon"},{"name":"reyosa"},{"name":"bust"},{"name":"tamaulipas"},{"name":"methlab"},{"name":"drugtrade"},{"name":"illegalimmigrants"},{"name":"smuggling"},{"name":"smugglers"},{"name":"matamoros"},{"name":"michoacan"},{"name":"guzman"},{"name":"arrelano-felix"},{"name":"beltran-leyva"},{"name":"barrioazteca"},{"name":"artisticassasins"},{"name":"mexicles"},{"name":"newfederation"}]},{"category_name":"Terrorism","category_words":[{"name":"Terrorism"},{"name":"alqaeda"},{"name":"terror"},{"name":"attack"},{"name":"iraq"},{"name":"afghanistan"},{"name":"iran"},{"name":"pakistan"},{"name":"agro"},{"name":"environmentalterrorit"},{"name":"ecoterrorism"},{"name":"conventionalweapon"},{"name":"target"},{"name":"weaponsgrade"},{"name":"dirtybomb"},{"name":"enriched"},{"name":"nuclear"},{"name":"chemicalweapon"},{"name":"ammoniumnitrate"},{"name":"ied"},{"name":"improvisedexplosivedevice"},{"name":"abusayyaf"},{"name":"hamas"},{"name":"farc"},{"name":"armedrevolutionaryforcescolumbia"},{"name":"ira"},{"name":"irishrepublicanarmy"},{"name":"eta"},{"name":"eurkaditaaskatasuna"},{"name":"basqueserpartists"},{"name":"hezbollah"},{"name":"tamirtigers"},{"name":"plf"},{"name":"palestineliberationfront"},{"name":"plo"},{"name":"palestineliberationorganization"},{"name":"carbomb"},{"name":"jihad"},{"name":"taliban"},{"name":"weaponscache"},{"name":"suicidebomber"},{"name":"suicideattack"},{"name":"suspicioussubstance"},{"name":"aqap"},{"name":"alqaedaarabianpininsula"},{"name":"AQIM"},{"name":"alqaedaintheislamicmaghreb"},{"name":"ttp"},{"name":"tehrik-i-talibanpakistan"},{"name":"yemen"},{"name":"pirates"},{"name":"extermism"},{"name":"somalia"},{"name":"nigeria"},{"name":"radicals"},{"name":"al-shbaab"},{"name":"homegrown"},{"name":"plot"},{"name":"nationalist"},{"name":"recruitment"},{"name":"fundamentalism"},{"name":"islamist"}]},{"category_name":"Weather","category_words":[{"name":"emergency"},{"name":"hurricane"},{"name":"tornado"},{"name":"twister"},{"name":"tsunami"},{"name":"earthquake"},{"name":"tremor"},{"name":"flood"},{"name":"crest"},{"name":"temblor"},{"name":"extermeweather"},{"name":"forestfire"},{"name":"brushfire"},{"name":"ice"},{"name":"stranded"},{"name":"stuck"},{"name":"help"},{"name":"hail"},{"name":"wildfire"},{"name":"tsunamiwarningcenter"},{"name":"magnitude"},{"name":"avalanche"},{"name":"typhoon"},{"name":"shelter-in-place"},{"name":"disaster"},{"name":"snow"},{"name":"blizzardsleet"},{"name":"mudslide"},{"name":"mudslide"},{"name":"erosion"},{"name":"poweroutage"},{"name":"brownout"},{"name":"warning"},{"name":"watch"},{"name":"lightening"},{"name":"aid"},{"name":"relief"},{"name":"closure"},{"name":"interstate"},{"name":"burst"},{"name":"emergencybroadcastsystem"}]},{"category_name":"cybersecurity","category_words":[{"name":"cybersecurity"},{"name":"botnet"},{"name":"ddos"},{"name":"distributeddenialofservice"},{"name":"denialofserivce"},{"name":"malware"},{"name":"virus"},{"name":"trojan"},{"name":"keylogger"},{"name":"cybercommand"},{"name":"2600"},{"name":"spammer"},{"name":"phising"},{"name":"rootkit"},{"name":"prheaking"},{"name":"cain"},{"name":"abel"},{"name":"bruteforcing"},{"name":"mysqlinjection"},{"name":"cyberattack"},{"name":"cyberterror"},{"name":"hacker"},{"name":"china"},{"name":"conficker"},{"name":"worm"},{"name":"scammers"},{"name":"socialmedia"}]}]}